1,"So, a senator from the party that's vehemently against a gun registry (Conservative) wanted to create a registry to‚Ä¶ https://t.co/EUs2Bs78og"
2,"RT @BradTrostCPC: UPDATE:
UPDATE:
Results of the 46 amendments the Senate sent to the House on the Marijuana Bill . The House of Commons ha‚Ä¶"
3,"If there is fault in this, it lies with a government which is putting a platform against public safety and is willi‚Ä¶ https://t.co/JAUL9IM0NX"
4,RT @anniewiz: @ElizabethMay we hope to hear from you as you debate #C45 especially the proposed SIN tax on #MedicalCannabis because it is a‚Ä¶
5,"RT @drowbb: Motions Respecting Senate Amendments to Bills #C45
https://t.co/UxgrHcr8tz the House disagrees with amendment 3 (provinces righ‚Ä¶"
6,RT @CanadaPotstocks: Bill #C45 being sent back to the Senate in what are likely the final procedural steps that could see the bill be appro‚Ä¶
7,@GPTaylorMRD @SenateCA #killthebill #c45 and #c46 both deeply flawed and based in hysteria. #cannabis should be les‚Ä¶ https://t.co/inZgCKWEeB
8,Communiqu√© de presse: TI Canada appuie l‚Äôamendement propos√© par le S√©nat au projet de loi sur le cannabis (projet d‚Ä¶ https://t.co/aU3Akfagho
9,"RT @trinafraser: I'm preparing a chart setting out all Senate amendments to #c45 and the proposed HOC position on each, but I'm having a he‚Ä¶"
10,"RT @drowbb: Motions Respecting Senate Amendments to Bills #C45
https://t.co/UxgrHcr8tz the House disagrees with amendment 3 (provinces righ‚Ä¶"
11,Singer #Songwriter @metheridge weighs in on #Canada upcoming #Marijuana #Legalization. 12 #Podcast guests in total‚Ä¶ https://t.co/IWbyYQAn2l
12,@seancullihall time to get the bongs out of storage. Dust off your Chillims. #legalization
13,RT @CannabisCulture: Quebec Has Passed Its Long-awaited Cannabis Law. Here‚Äôs What‚Äôs in It #quebec #Canada #law #legalization https://t.co/P‚Ä¶
14,RT @LiveEyeCBCNews: #Freedom Leaf's State-by-State Guide to U.S. #Cannabis #Legalization - #Legalizeit #Tennessee https://t.co/gNOnxRTUyo
15,"RT @EliasTheodorou: Today is a truly historic day for Canada! The federal government adopted Bill C-45 (Cannabis Act), which legalizes acce‚Ä¶"
16,"RT @EliasTheodorou: Today is a truly historic day for Canada! The federal government adopted Bill C-45 (Cannabis Act), which legalizes acce‚Ä¶"
17,Why #Colorado‚Äôs Cannabis #Sales Plateaued Last Month https://t.co/y85miYGs62 #business #news #featured #legalization
18,RT @CannabisCulture: Quebec Has Passed Its Long-awaited Cannabis Law. Here‚Äôs What‚Äôs in It #quebec #Canada #law #legalization https://t.co/P‚Ä¶
19,RT @Exasalian: Free Kindle starting Thursday https://t.co/k4Kyxz6epo  #cannabis #marijuana #cannabisculture #marijuananews #Cannabispetitio‚Ä¶
20,"RT @SenateCA: Senator @senatcarignan moved an amendment related to Bill #C46, as amended. #SenCA #cdnpoli https://t.co/hVulOlEj0z"
21,@GPTaylorMRD @SenateCA #killthebill #c45 and #c46 both deeply flawed and based in hysteria. #cannabis should be les‚Ä¶ https://t.co/inZgCKWEeB
22,RT @GovCanHealth: Check out the #TopTen things you need to know about the legalization and regulation of #cannabis in Canada. #C45 #Cannabi‚Ä¶
23,Let's all get baked and wait for our neighbours to the south to chill the f*ck out.‚Ä¶ https://t.co/VBMR5hUZ4q
24,RT @GovCanHealth: Check out the #TopTen things you need to know about the legalization and regulation of #cannabis in Canada. #C45 #Cannabi‚Ä¶
25,"22 years, 4 months, 13 days later. The #CannabisAct will make the Hood Prophet's dream come true. #RoyalAssent #C45 https://t.co/qUkLoOJGyy"
26,"RT @TheRickHoweShow: ""When you look at the #CannabisAct it introduces 45 new cannabis offences replacing the 8 cannabis offences under the‚Ä¶"
27,"RT @JodieEmery: I‚Äôll be on @CPAC_TV momentarily to discuss the #CannabisAct #C45 ‚Äî the good, the bad, and the ugly of the new criminal laws‚Ä¶"
28,"RT @TheRickHoweShow: ""When you look at the #CannabisAct it introduces 45 new cannabis offences replacing the 8 cannabis offences under the‚Ä¶"
29,Governor General presides over #RoyalAssent of the #CannabisAct https://t.co/c554CPmMHv
30,"Especially impressed with Ella from @spikedonline on #bbcqt
Her views on the #NHS and #CannabisAct are spot on."
31,"Instead, parents and grandparents are expected to be part of a new generation of the cannabis ‚Äúnaive‚Äù ‚Äî and that‚Äôs‚Ä¶ https://t.co/23OGw0PTln"
32,Thank you @sabrinarmf and @yvrscreenscene for this piece about #BudEmpire! Airing Tuesdays on @HistoryTVCanada 10pm‚Ä¶ https://t.co/cBzJhaWbDg
33,RT @trichomics: DIY @VerpMedia headline: Liberals pass last second #CannabisAct amendment to make October officially summer.
34,"RT @J_MZed: @bbcquestiontime #bbcqt          ffs !!!!!!    
is there not enough research from the Netherlands, Portugal, Canada, California‚Ä¶"
35,RT @TravelGoC: Canada‚Äôs border rules are not changing under the #CannabisAct. Learn more about #cannabis and international travel. https://‚Ä¶
36,"@bbcquestiontime #bbcqt          ffs !!!!!!    
is there not enough research from the Netherlands, Portugal, Canada‚Ä¶ https://t.co/R3OCPMDCO5"
37,"RT @CambsCSC: Class B drugs

Ketamine - Man made. Kills

Ritalin - Man made. Kills

Amphetamine - Man made. Kills

Cannabis - Natural. Neve‚Ä¶"
38,RT @HIGH_TIMES_Mag: Yesterday Canada legalized recreational cannabis! Here's what you need to know about Canada‚Äôs Cannabis Act. https://t.c‚Ä¶
39,"#Canada is to become the second country in the world to fully legalise #marijuana, after the senate approved‚Ä¶ https://t.co/VLsVCMW9Qt"
40,RT @GovCanHealth: Check out the #TopTen things you need to know about the legalization and regulation of #cannabis in Canada. #C45 #Cannabi‚Ä¶
41,RT @ChristyandFras: Marijuana will be legal in Canada on October 17th. #legalization #CannabisAct https://t.co/sCmXmcoN6G
42,"RT @UptheCypherPunx: ""Legalization"" 

#CannabisAct https://t.co/LdbNAOzWM6"
43,"RT @UptheCypherPunx: ""Legalization"" 

#CannabisAct https://t.co/LdbNAOzWM6"
44,"RT @TheRickHoweShow: ""When you look at the #CannabisAct it introduces 45 new cannabis offences replacing the 8 cannabis offences under the‚Ä¶"
45,"RT @vineshpratap: an answer to this question today @GlobalEdmonton 

""Is there a marijuana high equivalent to alcohol's .08?""

#yeg #BillC4‚Ä¶"
46,"RT @vineshpratap: an answer to this question today @GlobalEdmonton 

""Is there a marijuana high equivalent to alcohol's .08?""

#yeg #BillC4‚Ä¶"
47,"an answer to this question today @GlobalEdmonton 

""Is there a marijuana high equivalent to alcohol's .08?""

#yeg #BillC45 #CannabisAct"
48,"RT @TheRickHoweShow: ""When you look at the #CannabisAct it introduces 45 new cannabis offences replacing the 8 cannabis offences under the‚Ä¶"
49,"RT @TheRickHoweShow: ""When you look at the #CannabisAct it introduces 45 new cannabis offences replacing the 8 cannabis offences under the‚Ä¶"
50,"RT @MidasLetter: VIDEO: What Passing of Bill C-45 means for Valens GroWorks Corp @ValensGroWorks (CNSX:VGW) https://t.co/y7p9Nc1kUL

#Canna‚Ä¶"
51,Make sure you come see POSRG in Niagara Falls at #GrowUp18 booth #423. Well done guys. #acmpr #CannabisAct https://t.co/uWuDgxilKq
52,RT @GovCanHealth: Check out the #TopTen things you need to know about the legalization and regulation of #cannabis in Canada. #C45 #Cannabi‚Ä¶
53,"RT @drex: Tonight on #TheShiftWithDrex. We chat #CannabisAct, and the current laws around Cannabis &amp; driving, and where they could be going‚Ä¶"
54,"RT @drex: Tonight on #TheShiftWithDrex. We chat #CannabisAct, and the current laws around Cannabis &amp; driving, and where they could be going‚Ä¶"
55,"RT @drex: Tonight on #TheShiftWithDrex. We chat #CannabisAct, and the current laws around Cannabis &amp; driving, and where they could be going‚Ä¶"
56,"RT @drex: Tonight on #TheShiftWithDrex. We chat #CannabisAct, and the current laws around Cannabis &amp; driving, and where they could be going‚Ä¶"
57,"RT @drex: Tonight on #TheShiftWithDrex. We chat #CannabisAct, and the current laws around Cannabis &amp; driving, and where they could be going‚Ä¶"
58,"RT @drex: Tonight on #TheShiftWithDrex. We chat #CannabisAct, and the current laws around Cannabis &amp; driving, and where they could be going‚Ä¶"
59,"RT @drex: Tonight on #TheShiftWithDrex. We chat #CannabisAct, and the current laws around Cannabis &amp; driving, and where they could be going‚Ä¶"
60,"RT @JodieEmery: The work's not done yet: legal pot advocate

‚ÄúPot advocate Jodie Emery says the vote may be historic, but for lawyers, civi‚Ä¶"
61,"RT @JodieEmery: I‚Äôll be on @CPAC_TV momentarily to discuss the #CannabisAct #C45 ‚Äî the good, the bad, and the ugly of the new criminal laws‚Ä¶"
62,Hear the great news from our neighbors to the north? Congrats!Contact for private sale. #Canada #CannabisAct‚Ä¶ https://t.co/4iHYbwsfdE
63,"RT @_deepakanand: üí•History has been made as #C45 #CannabisAct receives Royal Assent by @GGJuliePayette.üí• 
Regulations : Wednesday June 27th‚Ä¶"
64,RT @HealthQuoteCA: Medical Marijuana: All Smoke and Mirrors or Valid Health Insurance Coverage? - https://t.co/AUs21nOWCr - #MedicalMarijua‚Ä¶
65,"Looking forward to returning to the Metro Toronto Convention Centre for #MjBizConIntl !!

Will you be in attendance‚Ä¶ https://t.co/byNfdiPbq7"
66,"RT @JodieEmery: Still waiting for a Trudeau to decriminalize pot... 

I wrote this 6 YEARS ago, and @JustinTrudeau still refuses to end unj‚Ä¶"
67,"RT @JodieEmery: Letter to @JustinTrudeau ‚Äî one of a few I‚Äôve written ‚Äî asking for an end to unjust cannabis possession arrests.

This was m‚Ä¶"
68,"$ACB $ACB.to

Aurora Cannabis (@Aurora_MMJ) Welcomes Royal Assent of Canada's #CannabisAct

https://t.co/R9Jrpp1V9Y‚Ä¶ https://t.co/O49xkjYxcA"
69,"Tonight on #TheShiftWithDrex. We chat #CannabisAct, and the current laws around Cannabis &amp; driving, and where they‚Ä¶ https://t.co/5jp2jps5l0"
70,"RT @ScottTalking: Thursday on The Scott Thompson Show! @AM900CHML 
Will country be ready for legal weed by Oct. 17th?
https://t.co/gs6u1z7s‚Ä¶"
71,"RT @Zieloni: üá®üá¶ Kanada jako drugi kraj na ≈õwiecie legalizuje marihuanƒô. To dow√≥d, ≈ºe stara polityka walki z narkotykami nie dzia≈Ça. Wsp√≥lni‚Ä¶"
72,RT @JoinGreenRush: #Canada has officially legalized #cannabis for recreational use! It's the second country in the world to pass a law like‚Ä¶
73,"RT @Zenabis: Mark your calendars! October 17th, 2018 will be the first official day that recreational #cannabis will be legalized in Canada‚Ä¶"
74,Canada's setting the stage with legalized military #marijuana use. What type of restrictions do you support? If mar‚Ä¶ https://t.co/cWhcYJTu2j
75,"RT @CannTrust: After a long journey, October 17 is the day when #cannabis officially becomes legal. We are so thrilled to be a part of Hist‚Ä¶"
76,"RT @GordQuotes: It's well worth the wait
#CannabisAct üí® https://t.co/r8g4zp1ldP"
77,"Legalization &amp; Risks: Doctors Reminding Public
 That Health Effects of Cannabis Use Are Real‚Ä¶ https://t.co/KxkAdqZ4qh"
78,"RT @_deepakanand: üí•History has been made as #C45 #CannabisAct receives Royal Assent by @GGJuliePayette.üí• 
Regulations : Wednesday June 27th‚Ä¶"
79,"Join the conversation!

https://t.co/saMA2VgnhZ

#bringpeopletogether #CannabisAct #CannabisCommunity‚Ä¶ https://t.co/LHLMqr2lvp"
80,RT @GovCanHealth: Check out the #TopTen things you need to know about the legalization and regulation of #cannabis in Canada. #C45 #Cannabi‚Ä¶
81,RT @jonny_red32: $CBWTF nice bounce off the bottom. #CannabisAct #cannabis #market #CannabisCommunity üëâüëâ Auxly Cannabis Group Inc üíØ https:/‚Ä¶
82,"RT @jonny_red32: $MJNA MEDICAL MARIJUANA, INC. ANNOUNCES LETTER OF INTENT WITH SALVATION BOTANICALS TO BRING ITS PRODUCTS TO THE BURGEONING‚Ä¶"
83,"RT @_deepakanand: üí•History has been made as #C45 #CannabisAct receives Royal Assent by @GGJuliePayette.üí• 
Regulations : Wednesday June 27th‚Ä¶"
84,"RT @JodieEmery: Letter to @JustinTrudeau ‚Äî one of a few I‚Äôve written ‚Äî asking for an end to unjust cannabis possession arrests.

This was m‚Ä¶"
85,"RT @BCTruckingAssoc: Cannabis in Canada - please note:  ""It is illegal to take cannabis across Canada's international borders."" https://t.c‚Ä¶"
86,RT @HealthQuoteCA: Medical Marijuana: All Smoke and Mirrors or Valid Health Insurance Coverage? - https://t.co/AUs21nOWCr - #MedicalMarijua‚Ä¶
87,"RT @MJBizDaily: Congratulations to Canada, the first G7 country to vote for federal #cannabis legalization! 
#CannabisAct #cannabiz #cannac‚Ä¶"
88,"RT @JodieEmery: Letter to @JustinTrudeau ‚Äî one of a few I‚Äôve written ‚Äî asking for an end to unjust cannabis possession arrests.

This was m‚Ä¶"
89,RT @jonny_red32: $CBWTF nice bounce off the bottom. #CannabisAct #cannabis #market #CannabisCommunity üëâüëâ Auxly Cannabis Group Inc üíØ https:/‚Ä¶
90,"RT @jonny_red32: $MJNA MEDICAL MARIJUANA, INC. ANNOUNCES LETTER OF INTENT WITH SALVATION BOTANICALS TO BRING ITS PRODUCTS TO THE BURGEONING‚Ä¶"
91,"RT @NICHECanada: Watch: Questions remain over #cannabis legalization. Key among them: home cultivation, impaired driving, pardons, and the‚Ä¶"
92,#Canada passes recreational #cannabis bill. The #CannabisAct was passed yesterday (Tuesday 19 June) with 52 votes i‚Ä¶ https://t.co/bojZz4ehgn
93,"RT @GovCanHealth: Bill #C45, Canada‚Äôs new #CannabisAct has passed in the Senate. On coming into force, Canadians aged 18 or 19 (depending o‚Ä¶"
94,Cheers to our neighbors to the north! Contact for private sale. #Canada #CannabisAct #CannabisNews #Cannabis #C45‚Ä¶ https://t.co/zyfuN5WvD1
95,"RT @occupywsib: RT #DougFord wants consultations on #marijuana sales in #Ontario https://t.co/EG5iR4iXSv #Ford, who was elected this month,‚Ä¶"
96,RT @HIGH_TIMES_Mag: Yesterday Canada legalized recreational cannabis! Here's what you need to know about Canada‚Äôs Cannabis Act. https://t.c‚Ä¶
97,"wut.
Definition of beer in #Canada could changeüç∫
https://t.co/onn3eXvQQb #cdnpoli #bcpoli #vanpoli #onpoli #ottawa‚Ä¶ https://t.co/RR6mmpcDv2"
98,"Watch: Questions remain over #cannabis legalization. Key among them: home cultivation, impaired driving, pardons, a‚Ä¶ https://t.co/V5OCF0bIhZ"
99,"RT @peterk88: discover END PLAY WINNING BLACKJACK/free now...
...deck penetration IS the secret sauce 

#ARGCRO  #IRAESP  #FifaWorldCup18‚Ä¶"
100,RT @HealthQuoteCA: Medical Marijuana: All Smoke and Mirrors or Valid Health Insurance Coverage? - https://t.co/AUs21nOWCr - #MedicalMarijua‚Ä¶
101,"discover END PLAY WINNING BLACKJACK/free now...
...deck penetration IS the secret sauce 

#ARGCRO  #IRAESP‚Ä¶ https://t.co/47gEWmFKY8"
102,"RT #DougFord wants consultations on #marijuana sales in #Ontario https://t.co/EG5iR4iXSv #Ford, who was elected thi‚Ä¶ https://t.co/IPPuVnNdmT"
103,@GuardianRover @bex0760 @realDonaldTrump Easy.  #LegalizeCannabis as #Canada just did (#CannabisAct).
104,La plus grande installation int√©rieure de culture de cannabis √† des fins m√©dicales au Qu√©bec se trouvera dans Brome‚Ä¶ https://t.co/odISZ9yXyR
105,La plus grande installation int√©rieure de culture de cannabis √† des fins m√©dicales au Qu√©bec se trouvera dans Brome‚Ä¶ https://t.co/og7Nd7MGO2
106,La plus grande installation int√©rieure de culture de cannabis √† des fins m√©dicales au Qu√©bec se trouvera dans Brome‚Ä¶ https://t.co/7ZklgeiN0v
107,"RT @JodieEmery: I‚Äôll be on @CPAC_TV momentarily to discuss the #CannabisAct #C45 ‚Äî the good, the bad, and the ugly of the new criminal laws‚Ä¶"
108,"Here comes the boom from the new ruler of Ontario, so @fordnation is going to stall #CannabisAct in Ontario??? https://t.co/FL7P34DBpm"
109,#Canadian PM @JustinTrudeau has set an #Official date and #Canada will soon be the largest country in the world wit‚Ä¶ https://t.co/pjkEUtmM0V
110,The Senate has voted to pass Bill C-45 ‚Äì Canada‚Äôs #CannabisAct. Trudeau confirms that cannabis will be legal in Can‚Ä¶ https://t.co/fcxYDOehPX
111,Cheers to our friends to the north! Contact for private sale. #Canada #CannabisAct #CannabisNews #Cannabis #domains https://t.co/LFLhHX1MUD
112,"RT @JodieEmery: I‚Äôll be on @CPAC_TV momentarily to discuss the #CannabisAct #C45 ‚Äî the good, the bad, and the ugly of the new criminal laws‚Ä¶"
113,The #CannabisAct has received Royal Assent. See our team‚Äôs review of Senate amendments to Bill #C45 that were rejec‚Ä¶ https://t.co/PLm3QNlHwJ
114,RT @GovCanHealth: Check out the #TopTen things you need to know about the legalization and regulation of #cannabis in Canada. #C45 #Cannabi‚Ä¶
115,"You have the chance to do the right thing for Ontario, @fordnation. Government monopoly on cannabis is a step backw‚Ä¶ https://t.co/jwKYnoaBvJ"
116,"RT @JodieEmery: I‚Äôll be on @CPAC_TV momentarily to discuss the #CannabisAct #C45 ‚Äî the good, the bad, and the ugly of the new criminal laws‚Ä¶"
117,RT @CannabisCCI: What the Canadian #Cannabis #ACMPR industry needs to know about #C45 #CannabisAct and moving forward: https://t.co/T1ebdGU‚Ä¶
118,"RT @JodieEmery: I‚Äôll be on @CPAC_TV momentarily to discuss the #CannabisAct #C45 ‚Äî the good, the bad, and the ugly of the new criminal laws‚Ä¶"
119,"RT @JodieEmery: I‚Äôll be on @CPAC_TV momentarily to discuss the #CannabisAct #C45 ‚Äî the good, the bad, and the ugly of the new criminal laws‚Ä¶"
120,"I‚Äôll be on @CPAC_TV momentarily to discuss the #CannabisAct #C45 ‚Äî the good, the bad, and the ugly of the new crimi‚Ä¶ https://t.co/oxGYENqR16"
121,"RT @_deepakanand: üí•History has been made as #C45 #CannabisAct receives Royal Assent by @GGJuliePayette.üí• 
Regulations : Wednesday June 27th‚Ä¶"
122,RT @iliveasnatalie: As a professional within the construction industry I‚Äôm very concerned how legalization of marijuana will affect safety‚Ä¶
123,RT @iliveasnatalie: As a professional within the construction industry I‚Äôm very concerned how legalization of marijuana will affect safety‚Ä¶
124,"#ContentmentIn4Words

This weed is smooth.

#FourTwentey #BillC45 https://t.co/OGsze3RRQ4"
125,"RT @vineshpratap: an answer to this question today @GlobalEdmonton 

""Is there a marijuana high equivalent to alcohol's .08?""

#yeg #BillC4‚Ä¶"
126,"RT @vineshpratap: an answer to this question today @GlobalEdmonton 

""Is there a marijuana high equivalent to alcohol's .08?""

#yeg #BillC4‚Ä¶"
127,"an answer to this question today @GlobalEdmonton 

""Is there a marijuana high equivalent to alcohol's .08?""

#yeg #BillC45 #CannabisAct"
128,"RT @MidasLetter: VIDEO: What Passing of Bill C-45 means for Valens GroWorks Corp @ValensGroWorks (CNSX:VGW) https://t.co/y7p9Nc1kUL

#Canna‚Ä¶"
129,RT @iliveasnatalie: As a professional within the construction industry I‚Äôm very concerned how legalization of marijuana will affect safety‚Ä¶
130,@NORMLcanada Official statement on legalization announcement.  Please let us know your thoughts. #cannabis #BillC45‚Ä¶ https://t.co/ZX9VajR6U4
131,"RT @Zenabis: Mark your calendars! October 17th, 2018 will be the first official day that recreational #cannabis will be legalized in Canada‚Ä¶"
132,"RT @CannTrust: After a long journey, October 17 is the day when #cannabis officially becomes legal. We are so thrilled to be a part of Hist‚Ä¶"
133,"Pleased to see #billC45, read why this is so impt to the insurance industry here- https://t.co/KNzPxjCrvv‚Ä¶ https://t.co/F2dpFKg9Ul"
134,RT @iliveasnatalie: As a professional within the construction industry I‚Äôm very concerned how legalization of marijuana will affect safety‚Ä¶
135,Long May You Reign #RoyalAssent #BillC45 #C45 https://t.co/d3cwLbxxYh
136,RT @iliveasnatalie: As a professional within the construction industry I‚Äôm very concerned how legalization of marijuana will affect safety‚Ä¶
137,"It's official!

Recreational #cannabis will be legal in #Canada on October 17, 2018. How did we get here? What are‚Ä¶ https://t.co/aidrOfk3rn"
138,RT @iliveasnatalie: As a professional within the construction industry I‚Äôm very concerned how legalization of marijuana will affect safety‚Ä¶
139,4 working days away. So excited. See you there? #rnmkrtalks #billc45 #womenincannabis https://t.co/hjtXMCtZBc
140,Canada is the first in the G7 to legalize the recreational use of Marijuana. Prime Minister Trudeau will delay lega‚Ä¶ https://t.co/FACYfpuRWN
141,Canadians have reached a new milestone! Prime Minister Justin Trudeau says cannabis will be legal in Canada on Octo‚Ä¶ https://t.co/IKXcJiWFrH
142,RT @iliveasnatalie: As a professional within the construction industry I‚Äôm very concerned how legalization of marijuana will affect safety‚Ä¶
143,Let the countdown to October 17 begin! #Canada #CannabisAct #October17 #cannabis #Legalization #Trudeau‚Ä¶ https://t.co/ew0Dtm4YSL
144,"RT @namaste: The date for the legalization of recreational #cannabis has been set! On October 17 of this year, Canada will see the dawn of‚Ä¶"
145,RT @iliveasnatalie: As a professional within the construction industry I‚Äôm very concerned how legalization of marijuana will affect safety‚Ä¶
146,RT @iliveasnatalie: As a professional within the construction industry I‚Äôm very concerned how legalization of marijuana will affect safety‚Ä¶
147,"RT @MH_Dillinger: Cannabis police, allowing cities to make dispensaries illegal, banning cannabis lounges, arrests for growing your four ma‚Ä¶"
148,RT @iliveasnatalie: As a professional within the construction industry I‚Äôm very concerned how legalization of marijuana will affect safety‚Ä¶
149,"RT @Zenabis: Mark your calendars! October 17th, 2018 will be the first official day that recreational #cannabis will be legalized in Canada‚Ä¶"
150,"RT @ArmandConant: To be clear, as of October 17, 2018, all adult Canadians will have legal access to cannabis for recreational use. Time wi‚Ä¶"
151,"üöß#safety #news: ""The findings state that employers‚Äô top concerns include workplace safety, impairment or intoxicati‚Ä¶ https://t.co/7hIHVd5bAM"
152,RT @CannabisNews: Cannabis is now legal under #BillC45. #cannabis #Marijuana #CannabisCommunity #CannabisCulture #cannabisnews #weed #pot #‚Ä¶
153,RT @mmjinvesting: #BILLC45 receives #RoyalAssent https://t.co/usS0Np7h1W
154,#BILLC45 receives #RoyalAssent https://t.co/usS0Np7h1W
155,"RT @namaste: The date for the legalization of recreational #cannabis has been set! On October 17 of this year, Canada will see the dawn of‚Ä¶"
156,"RT @namaste: The date for the legalization of recreational #cannabis has been set! On October 17 of this year, Canada will see the dawn of‚Ä¶"
157,"RT @FLAREfashion: Puff, puff, pass, y'all #BillC45
https://t.co/oY1wdfAoQu"
158,"RT @namaste: The date for the legalization of recreational #cannabis has been set! On October 17 of this year, Canada will see the dawn of‚Ä¶"
159,"RT @Zenabis: Mark your calendars! October 17th, 2018 will be the first official day that recreational #cannabis will be legalized in Canada‚Ä¶"
160,RT @SXMCanadaTalks: Recreational use of #Marijuana is legal and comes into affect Oct. 17th and @JodieEmery joins @anthonyfurey to weigh in‚Ä¶
161,"RT @Zenabis: History has been made today! The Senate has passed #BillC45 in a 52-29-2 vote, officially approving adult-use, recreational #c‚Ä¶"
162,"Canada ended 95 years of Cannabis prohibition Tuesday, passing landmark legislation ‚Äì Bill C-45 ‚Äì that lays the gro‚Ä¶ https://t.co/r6ARxjCtn5"
163,VIDEO: What Passing of Bill C-45 means for Valens GroWorks Corp @ValensGroWorks (CNSX:VGW) https://t.co/y7p9Nc1kUL‚Ä¶ https://t.co/tazS4wcugr
164,"RT @StefOstrander: Thank you, to all of you, that made this happen
We Will Rock The World By Changing It!
#BillC45 #C45 #legalization #cann‚Ä¶"
165,"RT @RISELifeScience: ""We've just witnessed a historic vote for Canada. The end of 90 years of prohibition."" ‚Äî @TonyDean_TO  

When #BillC45‚Ä¶"
166,"""We've just witnessed a historic vote for Canada. The end of 90 years of prohibition."" ‚Äî @TonyDean_TO  

When‚Ä¶ https://t.co/RPJpBpoRDi"
167,RT @iliveasnatalie: As a professional within the construction industry I‚Äôm very concerned how legalization of marijuana will affect safety‚Ä¶
168,RT @iliveasnatalie: As a professional within the construction industry I‚Äôm very concerned how legalization of marijuana will affect safety‚Ä¶
169,RT @iliveasnatalie: As a professional within the construction industry I‚Äôm very concerned how legalization of marijuana will affect safety‚Ä¶
170,"RT @StefOstrander: Thank you, to all of you, that made this happen
We Will Rock The World By Changing It!
#BillC45 #C45 #legalization #cann‚Ä¶"
171,"With the Passing of Canada's Marijuana Bill C-45, the Nations' Legal Cannabis Market is Expected to Exceed $5 billi‚Ä¶ https://t.co/IwE2tLU7eO"
172,RT @HeartInstitute: Tune in to @CFRAOttawa this afternoon at 1:48 p.m. to hear @DrAndrewPipe share his expert opinion about #marijuana and‚Ä¶
173,Tune in to @CFRAOttawa this afternoon at 1:48 p.m. to hear @DrAndrewPipe share his expert opinion about #marijuana‚Ä¶ https://t.co/u4w84h6zLi
174,"RT @StefOstrander: Thank you, to all of you, that made this happen
We Will Rock The World By Changing It!
#BillC45 #C45 #legalization #cann‚Ä¶"
175,"On Tuesday, the Senate passed #BillC45 and yesterday PM @JustinTrudeau announced that marijuana will be legal in‚Ä¶ https://t.co/23nVDH9IXU"
176,RT @Investor_Intel: Recreational #marijuana use will soon be legal in #Canada after the Senate passed a ‚Äúhistoric‚Äù bill on Tuesday with a v‚Ä¶
177,Recreational #marijuana use will soon be legal in #Canada after the Senate passed a ‚Äúhistoric‚Äù bill on Tuesday with‚Ä¶ https://t.co/dPpzPYNXUn
178,"As one of the 1st Canadian brokers to facilitate #cannabis insurance, we welcome the #BillC45. Read why this is so‚Ä¶ https://t.co/PiZtD6F7pT"
179,RT @iliveasnatalie: As a professional within the construction industry I‚Äôm very concerned how legalization of marijuana will affect safety‚Ä¶
180,"RT @StefOstrander: Thank you, to all of you, that made this happen
We Will Rock The World By Changing It!
#BillC45 #C45 #legalization #cann‚Ä¶"
181,RT @iliveasnatalie: As a professional within the construction industry I‚Äôm very concerned how legalization of marijuana will affect safety‚Ä¶
182,RT @SXMCanadaTalks: Recreational use of #Marijuana is legal and comes into affect Oct. 17th and @JodieEmery joins @anthonyfurey to weigh in‚Ä¶
183,"RT @StefOstrander: Thank you, to all of you, that made this happen
We Will Rock The World By Changing It!
#BillC45 #C45 #legalization #cann‚Ä¶"
184,RT @dolcebella68: My mom started her treatment of cbd oil / thc oil on Monday afternoon ... in less than 24hrs ... she is experiencing no p‚Ä¶
185,RT @NatPostRadio: Recreational use of #Marijuana is legal and comes into affect Oct. 17th and @JodieEmery joins @anthonyfurey to weigh in o‚Ä¶
186,Recreational use of #Marijuana is legal and comes into affect Oct. 17th and @JodieEmery joins @anthonyfurey to weig‚Ä¶ https://t.co/4VISgziNB0
187,Recreational use of #Marijuana is legal and comes into affect Oct. 17th and @JodieEmery joins @anthonyfurey to weig‚Ä¶ https://t.co/NJHtGVCslm
188,RT @NatPostRadio: Conservative MP @ErinOTooleMP joins @anthonyfurey for his thoughts on the passing of #BillC45 and what it means for the c‚Ä¶
189,"RT @StefOstrander: Thank you, to all of you, that made this happen
We Will Rock The World By Changing It!
#BillC45 #C45 #legalization #cann‚Ä¶"
190,"Thank you, to all of you, that made this happen
We Will Rock The World By Changing It!
#BillC45 #C45 #legalization‚Ä¶ https://t.co/63bkTS2Yfn"
191,"RT @ArmandConant: To be clear, as of October 17, 2018, all adult Canadians will have legal access to cannabis for recreational use. Time wi‚Ä¶"
192,"RT @ArmandConant: To be clear, as of October 17, 2018, all adult Canadians will have legal access to cannabis for recreational use. Time wi‚Ä¶"
193,"RT @JillianPage22: @SenatorHousakos It's also easy to be named a Tory senator/minion, not so easy to be elected by the people to the House‚Ä¶"
194,"RT @JillianPage22: After all is said and done with Canadian #cannabis #billc45, will the Senate have made any meaningful contributions to t‚Ä¶"
195,RT @PiccoloHeathLLP: It‚Äôs the Law ‚Äì Canada Comes Out of the Weeds.  Read our PH Report from @CindyIngramLLB about yesterday's passing of #B‚Ä¶
196,"RT @JillianPage22: @SenatorHousakos It's also easy to be named a Tory senator/minion, not so easy to be elected by the people to the House‚Ä¶"
197,"@SenatorHousakos It's also easy to be named a Tory senator/minion, not so easy to be elected by the people to the H‚Ä¶ https://t.co/BaDRsvFCSv"
198,RT @Investor_Intel: #CannabisAct: The morning after comes with supply anxiety https://t.co/TIsQ85KXku #Cannabis #BillC45
199,Conservative MP @ErinOTooleMP joins @anthonyfurey for his thoughts on the passing of #BillC45 and what it means for‚Ä¶ https://t.co/6SUShUO5Mu
200,Conservative MP @ErinOTooleMP joins @anthonyfurey for his thoughts on the passing of #BillC45 and what it means for‚Ä¶ https://t.co/WtLQiOKJfq
201,"Yesterday, Prime Minister Justin Trudeau announced that Canadians will be able to consume #marijuana recreationally‚Ä¶ https://t.co/9Bse8CDYNp"
202,RT @iliveasnatalie: As a professional within the construction industry I‚Äôm very concerned how legalization of marijuana will affect safety‚Ä¶
203,"RT @ArmandConant: To be clear, as of October 17, 2018, all adult Canadians will have legal access to cannabis for recreational use. Time wi‚Ä¶"
204,"RT @ArmandConant: The Government has announced October 17, 2018 as the date the #Cannabis Act (Bill C-45) comes into force. The announcemen‚Ä¶"
205,"RT @ArmandConant: To be clear, as of October 17, 2018, all adult Canadians will have legal access to cannabis for recreational use. Time wi‚Ä¶"
206,"RT @ArmandConant: The Government has announced October 17, 2018 as the date the #Cannabis Act (Bill C-45) comes into force. The announcemen‚Ä¶"
207,"@PhilipAuthier It could be an election issue here, with the party that promises to amend the law -- and give Quebec‚Ä¶ https://t.co/oC36ri8qKL"
208,RT @PiccoloHeathLLP: It‚Äôs the Law ‚Äì Canada Comes Out of the Weeds.  Read our PH Report from @CindyIngramLLB about yesterday's passing of #B‚Ä¶
209,RT @iliveasnatalie: As a professional within the construction industry I‚Äôm very concerned how legalization of marijuana will affect safety‚Ä¶
210,"RT @ArmandConant: To be clear, as of October 17, 2018, all adult Canadians will have legal access to cannabis for recreational use. Time wi‚Ä¶"
211,"To be clear, as of October 17, 2018, all adult Canadians will have legal access to cannabis for recreational use. T‚Ä¶ https://t.co/NSqgNZQOZr"
212,#CannabisAct: The morning after comes with supply anxiety https://t.co/TIsQ85KXku #Cannabis #BillC45
213,"RT @ArmandConant: The Government has announced October 17, 2018 as the date the #Cannabis Act (Bill C-45) comes into force. The announcemen‚Ä¶"
214,"The Government has announced October 17, 2018 as the date the #Cannabis Act (Bill C-45) comes into force. The annou‚Ä¶ https://t.co/25MNA0YkrH"
215,RT @iliveasnatalie: As a professional within the construction industry I‚Äôm very concerned how legalization of marijuana will affect safety‚Ä¶
216,"RT @JLaC975: October 17th, three full grown #marijuana plants will magically appear on Nan's doorstep.

Fast growing Nan ... you sly S.O.B.‚Ä¶"
217,RT @CannTrust: Canada made history today in voting to pass #BillC45 and moving to legalization the recreational use of cannabis. What a tim‚Ä¶
218,RT @iliveasnatalie: As a professional within the construction industry I‚Äôm very concerned how legalization of marijuana will affect safety‚Ä¶
219,RT @CannabisNews: Cannabis is now legal under #BillC45. #cannabis #Marijuana #CannabisCommunity #CannabisCulture #cannabisnews #weed #pot #‚Ä¶
220,RT @iliveasnatalie: As a professional within the construction industry I‚Äôm very concerned how legalization of marijuana will affect safety‚Ä¶
221,"#BigPharma #Druglord #Trudope states his new ""#Cannabis #Recreational #Regime"" will start Oct 17/18, which is an‚Ä¶ https://t.co/S7yv4VyhLj"
222,Happening now: @StuJT chairing our inaugural Talking Points event bringing together a panel of experts to discuss t‚Ä¶ https://t.co/wkfxmuspfh
223,RT @TonyDean_TO: .‚Å¶@SenateCA‚Å©   A lot of international interest in cannabis reform bill #c45 #cdnpoli https://t.co/YeWOytg900
224,"RT @TonyDean_TO: .@SenateCA  cannabis reform bill #C45 has received Royal Assent.  Congratulations to Ministers, public servants, my senato‚Ä¶"
225,"RT @trinafraser: #Cannabis #Legalization by Province/Territory
**UPDATED AS OF JUNE 5/18**
Link to .pdf version with embedded links:
https:‚Ä¶"
226,"RT @DonDavies: This week Parliament passed #C45. This bill will positively change 100 years of legal, social &amp; economic attitudes toward #c‚Ä¶"
227,RT @GovCanHealth: Check out the #TopTen things you need to know about the legalization and regulation of #cannabis in Canada. #C45 #Cannabi‚Ä¶
228,"RT @JodieEmery: Want to know how to eliminate the illegal, massive, long-established ‚Äúblack market‚Äù cannabis industry?

Legalize it.

That‚Äô‚Ä¶"
229,RT @RealChristinaL: BREAKING: The bill legalizing marijuana just cleared the final legislative hurdle. Marijuana will be available in store‚Ä¶
230,RT @Ward_Uptigrove: Employers ‚Äì do you need help on what your Impairment at Work Policy should now include?  Follow our page for 2 subseque‚Ä¶
231,"RT @DonDavies: This week Parliament passed #C45. This bill will positively change 100 years of legal, social &amp; economic attitudes toward #c‚Ä¶"
232,"RT @DonDavies: This week Parliament passed #C45. This bill will positively change 100 years of legal, social &amp; economic attitudes toward #c‚Ä¶"
233,RT @GovCanHealth: Check out the #TopTen things you need to know about the legalization and regulation of #cannabis in Canada. #C45 #Cannabi‚Ä¶
234,RT @Puglaas: Pleased to see #C45 and #C46 receive Royal Assent. These Bills represent historic law reform built on evidence-based policy fo‚Ä¶
235,@realTheProphet I think we can all agree that Constellation Brands played their cards right. More big deals coming‚Ä¶ https://t.co/8vCibC7NKc
236,"RT @DonDavies: This week Parliament passed #C45. This bill will positively change 100 years of legal, social &amp; economic attitudes toward #c‚Ä¶"
237,"RT @JodieEmery: Want to know how to eliminate the illegal, massive, long-established ‚Äúblack market‚Äù cannabis industry?

Legalize it.

That‚Äô‚Ä¶"
238,RT @GPTaylorMRD: It‚Äôs official! The Cannabis Act has received Royal Assent and is now law. Cannabis will become legal in Canada on October‚Ä¶
239,RT @GPTaylorMRD: It‚Äôs official! The Cannabis Act has received Royal Assent and is now law. Cannabis will become legal in Canada on October‚Ä¶
240,"22 years, 4 months, 13 days later. The #CannabisAct will make the Hood Prophet's dream come true. #RoyalAssent #C45 https://t.co/qUkLoOJGyy"
241,RT @SenateCA: Bill #C45 has received Royal Assent:  https://t.co/SHR9GLJrX0 #SenCA #cdnpoli https://t.co/zFxIRiF5iC
242,RT @SenateCA: Bill #C45 has received Royal Assent:  https://t.co/SHR9GLJrX0 #SenCA #cdnpoli https://t.co/zFxIRiF5iC
243,"Despite the bill passing, it is not yet law.
Prime Minister Justin Trudeau announced Wednesday that Oct. 17 will be‚Ä¶ https://t.co/tqwgRzvN3z"
244,"RT @HoCChamber: .@HoCSpeaker informed the #HoC that Royal Assent was given to Bills #C66, #C74, #C211, #C309, #S210, #C45, #C80, #C24, #S21‚Ä¶"
245,RT @GPTaylorMRD: It‚Äôs official! The Cannabis Act has received Royal Assent and is now law. Cannabis will become legal in Canada on October‚Ä¶
246,"RT @DonDavies: This week Parliament passed #C45. This bill will positively change 100 years of legal, social &amp; economic attitudes toward #c‚Ä¶"
247,RT @Puglaas: Pleased to see #C45 and #C46 receive Royal Assent. These Bills represent historic law reform built on evidence-based policy fo‚Ä¶
248,"RT @JodieEmery: I‚Äôll be on @CPAC_TV momentarily to discuss the #CannabisAct #C45 ‚Äî the good, the bad, and the ugly of the new criminal laws‚Ä¶"
249,RT @CannabisCulture: Canada‚Äôs gov‚Äôt passed Bill #C45 to legalize #cannabis. That is historic. Unfortunately the new law introduces more cri‚Ä¶
250,RT @GPTaylorMRD: It‚Äôs official! The Cannabis Act has received Royal Assent and is now law. Cannabis will become legal in Canada on October‚Ä¶
251,"Doug Ford wants consultations on cannabis sales in Ontario 
But..we already paid for that #CannabisTaskforce read t‚Ä¶ https://t.co/2RIvv6fWzI"
252,RT @GPTaylorMRD: It‚Äôs official! The Cannabis Act has received Royal Assent and is now law. Cannabis will become legal in Canada on October‚Ä¶
253,"RT @PACFANX: This guy just said ""marijuana contains more than 400 chemicals, many of which are found in tobacco smoke"". Where do they get t‚Ä¶"
254,RT @GPTaylorMRD: It‚Äôs official! The Cannabis Act has received Royal Assent and is now law. Cannabis will become legal in Canada on October‚Ä¶
255,"RT @DonDavies: This week Parliament passed #C45. This bill will positively change 100 years of legal, social &amp; economic attitudes toward #c‚Ä¶"
256,Will @fordnation realize the start up waste and how integrating the existing industry would create more jobs and cu‚Ä¶ https://t.co/sCYtTYHwZA
257,RT @GPTaylorMRD: It‚Äôs official! The Cannabis Act has received Royal Assent and is now law. Cannabis will become legal in Canada on October‚Ä¶
258,"RT @Hydropothecary: With the passing of C-45, we have taken a giant step forward as a world leader in cannabis legalization. Hydropothecary‚Ä¶"
259,RT @GPTaylorMRD: It‚Äôs official! The Cannabis Act has received Royal Assent and is now law. Cannabis will become legal in Canada on October‚Ä¶
260,"RT @_deepakanand: Trudeau's Liberals using #cannabis bill #C45 to fundraise:
https://t.co/UENzvG6CMz"
261,"RT @DonDavies: This week Parliament passed #C45. This bill will positively change 100 years of legal, social &amp; economic attitudes toward #c‚Ä¶"
262,RT @SenateCA: Bill #C45 has received Royal Assent:  https://t.co/SHR9GLJrX0 #SenCA #cdnpoli https://t.co/zFxIRiF5iC
263,@Puglaas @HoCChamber @JusticeCanadaEN Thank you MOJAG!  It is truly an honour to work for you!  Such a great spring‚Ä¶ https://t.co/ux4QTkiycm
264,RT @SenateCA: Bill #C45 has received Royal Assent:  https://t.co/SHR9GLJrX0 #SenCA #cdnpoli https://t.co/zFxIRiF5iC
265,RT @SenateCA: Bill #C45 has received Royal Assent:  https://t.co/SHR9GLJrX0 #SenCA #cdnpoli https://t.co/zFxIRiF5iC
266,RT @SenateCA: Bill #C45 has received Royal Assent:  https://t.co/SHR9GLJrX0 #SenCA #cdnpoli https://t.co/zFxIRiF5iC
267,RT @Jimmy_Yan: Dr. Herman Johal @hermanjohal talking about the new research at @McMasterSurgery investigating the use of cannabis in managi‚Ä¶
268,RT @KirkTousaw: Canada legalizing cannabis will be forever seen as a tipping point in the efforts to end prohibition worldwide. What a jour‚Ä¶
269,"RT @MJBizDaily: Stop what you're doing and save: We extended our #MJBizConINTL Early Bird deadline in honor of Canada's #C45 vote, but only‚Ä¶"
270,RT @BoyerMichel: The Cannabis Act has just received Royal Assent from @GGJuliePayette. Her flag flies on top of the Peace Tower when she‚Äôs‚Ä¶
271,"RT @DonDavies: This week Parliament passed #C45. This bill will positively change 100 years of legal, social &amp; economic attitudes toward #c‚Ä¶"
272,RT @GPTaylorMRD: It‚Äôs official! The Cannabis Act has received Royal Assent and is now law. Cannabis will become legal in Canada on October‚Ä¶
273,RT @GovCanHealth: Check out the #TopTen things you need to know about the legalization and regulation of #cannabis in Canada. #C45 #Cannabi‚Ä¶
274,"RT @JodieEmery: What‚Äôs legal? People are still arrested &amp; punished as criminals for cannabis.

Legal sales are good news for those in busin‚Ä¶"
275,"RT @KirkTousaw: I understand and have often commented on the many ways the Cannabis Act is flawed and too restrictive. 

But it still repre‚Ä¶"
276,"RT @JodieEmery: Political cowardice:

Trudeau Liberals have majority gov‚Äôt &amp; can pass any law they want. They had more than 2.5 years to di‚Ä¶"
277,"RT @JodieEmery: Political cowardice:

Trudeau Liberals have majority gov‚Äôt &amp; can pass any law they want. They had more than 2.5 years to di‚Ä¶"
278,RT @GPTaylorMRD: It‚Äôs official! The Cannabis Act has received Royal Assent and is now law. Cannabis will become legal in Canada on October‚Ä¶
279,"Stop what you're doing and save: We extended our #MJBizConINTL Early Bird deadline in honor of Canada's #C45 vote,‚Ä¶ https://t.co/VlKfEIaYlL"
280,RT @GPTaylorMRD: It‚Äôs official! The Cannabis Act has received Royal Assent and is now law. Cannabis will become legal in Canada on October‚Ä¶
281,"RT @JodieEmery: I‚Äôm sorry to say I cannot celebrate.

There are now 45 new federal cannabis offences &amp; many harsher penalties under #C45. P‚Ä¶"
282,RT @CannabisCulture: Don‚Äôt believe the #C45 hype: We are still #cannabis criminals! #cdnpoli  https://t.co/GZzc5waeyV
283,"RT @mandymcknight: Cannabis becomes legal in Canada on October 17, 2018. This also happens to be the 50th birthday of @ziggymarley the son‚Ä¶"
284,RT @crestview_strat: Catch #TeamCrestviewStrategy Partner @hckosovogta on @PnPCBC right now discussing cannabis legalisation after the pass‚Ä¶
285,@TheLeafNews So can a medical user grow X amount of plants under Health Canada regs plus Y amount of plants under t‚Ä¶ https://t.co/JHu2KFi8Kn
286,"RT @KirkTousaw: I understand and have often commented on the many ways the Cannabis Act is flawed and too restrictive. 

But it still repre‚Ä¶"
287,"RT @andrewjwilder: Bill #C45  has received Royal Assent by the Governor General. However, according to Prime Minister Trudeau recreational‚Ä¶"
288,RT @GPTaylorMRD: It‚Äôs official! The Cannabis Act has received Royal Assent and is now law. Cannabis will become legal in Canada on October‚Ä¶
289,"RT @DonDavies: This week Parliament passed #C45. This bill will positively change 100 years of legal, social &amp; economic attitudes toward #c‚Ä¶"
290,Dr. Herman Johal @hermanjohal talking about the new research at @McMasterSurgery investigating the use of cannabis‚Ä¶ https://t.co/HbZLAc3M7t
291,"RT @DonDavies: This week Parliament passed #C45. This bill will positively change 100 years of legal, social &amp; economic attitudes toward #c‚Ä¶"
292,"RT @JodieEmery: Want to know how to eliminate the illegal, massive, long-established ‚Äúblack market‚Äù cannabis industry?

Legalize it.

That‚Äô‚Ä¶"
293,"RT @DonDavies: This week Parliament passed #C45. This bill will positively change 100 years of legal, social &amp; economic attitudes toward #c‚Ä¶"
294,RT @GPTaylorMRD: It‚Äôs official! The Cannabis Act has received Royal Assent and is now law. Cannabis will become legal in Canada on October‚Ä¶
295,RT @GovCanHealth: Check out the #TopTen things you need to know about the legalization and regulation of #cannabis in Canada. #C45 #Cannabi‚Ä¶
296,RT @GPTaylorMRD: It‚Äôs official! The Cannabis Act has received Royal Assent and is now law. Cannabis will become legal in Canada on October‚Ä¶
297,"RT @JodieEmery: The work's not done yet: legal pot advocate

‚ÄúPot advocate Jodie Emery says the vote may be historic, but for lawyers, civi‚Ä¶"
298,"RT @GPTaylorMRD: C‚Äôest maintenant officiel, la loi sur le cannabis a re√ßu la sanction royale ce matin. Le cannabis sera l√©gal au Canada le‚Ä¶"
299,RT @GPTaylorMRD: It‚Äôs official! The Cannabis Act has received Royal Assent and is now law. Cannabis will become legal in Canada on October‚Ä¶
300,"RT @JodieEmery: Want to know how to eliminate the illegal, massive, long-established ‚Äúblack market‚Äù cannabis industry?

Legalize it.

That‚Äô‚Ä¶"
301,RT @SenateCA: Bill #C45 has received Royal Assent:  https://t.co/SHR9GLJrX0 #SenCA #cdnpoli https://t.co/zFxIRiF5iC
302,RT @GPTaylorMRD: It‚Äôs official! The Cannabis Act has received Royal Assent and is now law. Cannabis will become legal in Canada on October‚Ä¶
303,RT @GPTaylorMRD: It‚Äôs official! The Cannabis Act has received Royal Assent and is now law. Cannabis will become legal in Canada on October‚Ä¶
304,RT @GPTaylorMRD: It‚Äôs official! The Cannabis Act has received Royal Assent and is now law. Cannabis will become legal in Canada on October‚Ä¶
305,RT @GPTaylorMRD: It‚Äôs official! The Cannabis Act has received Royal Assent and is now law. Cannabis will become legal in Canada on October‚Ä¶
306,RT @GPTaylorMRD: It‚Äôs official! The Cannabis Act has received Royal Assent and is now law. Cannabis will become legal in Canada on October‚Ä¶
307,Catch #TeamCrestviewStrategy Partner @hckosovogta on @PnPCBC right now discussing cannabis legalisation after the p‚Ä¶ https://t.co/63AmpIwKlw
308,"RT @DonDavies: This week Parliament passed #C45. This bill will positively change 100 years of legal, social &amp; economic attitudes toward #c‚Ä¶"
309,"RT @JodieEmery: I‚Äôll be on @CPAC_TV momentarily to discuss the #CannabisAct #C45 ‚Äî the good, the bad, and the ugly of the new criminal laws‚Ä¶"
310,It‚Äôs official! The Cannabis Act has received Royal Assent and is now law. Cannabis will become legal in Canada on O‚Ä¶ https://t.co/qbEuNISSPz
311,"RT @IDPCnet: As Canada's bill #C45 on the legal regulation of cannabis heads for royal assent (a formality), worth remembering which other‚Ä¶"
312,"C‚Äôest maintenant officiel, la loi sur le cannabis a re√ßu la sanction royale ce matin. Le cannabis sera l√©gal au Can‚Ä¶ https://t.co/TG6ftYZVPZ"
313,Hear the great news from our neighbors to the north? Congrats!Contact for private sale. #Canada #CannabisAct‚Ä¶ https://t.co/4iHYbwsfdE
314,"RT @_deepakanand: üí•History has been made as #C45 #CannabisAct receives Royal Assent by @GGJuliePayette.üí• 
Regulations : Wednesday June 27th‚Ä¶"
315,"@nationalpost So basically ... it appears, after reading this article ... that it would be perfectly OK if a surgeo‚Ä¶ https://t.co/Q8NQimQtr5"
316,RT @mmjmikeelkin: @PeaceNaturals #Stayner 265k square foot expansion site is by far the most advanced and well thought design I have seen i‚Ä¶
317,"RT @DonDavies: This week Parliament passed #C45. This bill will positively change 100 years of legal, social &amp; economic attitudes toward #c‚Ä¶"
318,"RT @JodieEmery: Still waiting for a Trudeau to decriminalize pot... 

I wrote this 6 YEARS ago, and @JustinTrudeau still refuses to end unj‚Ä¶"
319,"RT @DonDavies: This week Parliament passed #C45. This bill will positively change 100 years of legal, social &amp; economic attitudes toward #c‚Ä¶"
320,"RT @JodieEmery: Letter to @JustinTrudeau ‚Äî one of a few I‚Äôve written ‚Äî asking for an end to unjust cannabis possession arrests.

This was m‚Ä¶"
321,"Bill #C45  has received Royal Assent by the Governor General. However, according to Prime Minister Trudeau recreati‚Ä¶ https://t.co/lKVitNyezU"
322,RT @greenflwrmedia: These #Mayors and #Governors support #Legalization efforts and are demanding the #federal government to do something ab‚Ä¶
323,RT @robinlauri: Legalizing cannabis seems to be insanely lucrative and it obviously prevents criminals from selling to minors. Next up is C‚Ä¶
324,"RT @trinafraser: #Cannabis #Legalization by Province/Territory
**UPDATED AS OF JUNE 5/18**
Link to .pdf version with embedded links:
https:‚Ä¶"
325,RT @RxLeafCA: Who else feels the same way? #cannabis #marijuana #mmj #legalization https://t.co/8cE4i5Nmvn
326,@VICE #GMIWH host @pot_handbook weighs in on #Canada upcoming #Marijuana #Legalization. 12 #Podcast guests in total‚Ä¶ https://t.co/Aso9Z5NNUX
327,RT @CannabisCulture: Canada Becomes Second Nation in the World to Legalize Marijuana #legalization #legal #law #Canada https://t.co/N6ngev5‚Ä¶
328,"RT @CannTrust: From the foundations of standardized product, #CannTrust will make a leap into the recreational market.  #Cannabis #Legaliza‚Ä¶"
329,RT @TheGreenDailyy: Well it‚Äôs official #Canada Trudeau announces Oct 17 2018 as the official date of #legalization of #cannabis. #StayCrisp‚Ä¶
330,C‚Äôest grave l‚Äôodeur du #pot ici. √áa y est c‚Äôest d√©j√† le feu. #legalization
331,RT @apenn034: Canadian companies face 'big learning curve' on employee pot use: HR expert https://t.co/e2QAjYfqI6 #Cannabis #legalization #‚Ä¶
332,@CBCNews True. But weed has been around for years. It‚Äôs just getting legalized. People are acting like it‚Äôs just be‚Ä¶ https://t.co/Gwo3lWHoWo
333,RT @daviddinenberg: 1000% @RoKhanna This is the year for real #change The time has come &amp; the #American people have spoken. Over 60% are in‚Ä¶
334,"RT @660NEWS: Legalization of recreational cannabis is 118 days away, and Alberta is ready to go. #yyc #ableg #cannabis #legalization https:‚Ä¶"
335,These #Mayors and #Governors support #Legalization efforts and are demanding the #federal government to do somethin‚Ä¶ https://t.co/D14OQEns6M
336,What #Pot #Marijuana #MJ #Legalization in #Canada Means for the #UnitedStates.https://t.co/5aQ1EO4Gyf via @RollingStone
337,RT @daviddinenberg: 1000% @RoKhanna This is the year for real #change The time has come &amp; the #American people have spoken. Over 60% are in‚Ä¶
338,Canadian companies face 'big learning curve' on employee pot use: HR expert https://t.co/e2QAjYfqI6 #Cannabis #legalization #HR
339,"Doug Ford wants consultations on cannabis sales in Ontario 
But..we already paid for that #CannabisTaskforce read t‚Ä¶ https://t.co/2RIvv6fWzI"
340,Will @fordnation realize the start up waste and how integrating the existing industry would create more jobs and cu‚Ä¶ https://t.co/sCYtTYHwZA
341,"RT @660NEWS: Legalization of recreational cannabis is 118 days away, and Alberta is ready to go. #yyc #ableg #cannabis #legalization https:‚Ä¶"
342,RT @CannabisCulture: Canada Becomes Second Nation in the World to Legalize Marijuana #legalization #legal #law #Canada https://t.co/N6ngev5‚Ä¶
343,"Legalization of recreational cannabis is 118 days away, and Alberta is ready to go. #yyc #ableg #cannabis‚Ä¶ https://t.co/dzJBJGeheF"
344,RT @robinlauri: Legalizing cannabis seems to be insanely lucrative and it obviously prevents criminals from selling to minors. Next up is C‚Ä¶
345,RT @420partypeople: #wakeandbake #gethigh #Coffee #cannabis #marijuana #mmj #pot #puffandpass #weed #weedsociety #weedstagram #stonerfam #s‚Ä¶
346,A bill allowing doctors to prescribe and pharmacies to provide patients with FDA-approved CBD medicine has just pas‚Ä¶ https://t.co/KejyhLJ5Cn
347,"RT @FNGhadaki: COO of @Aurora_MMJ, @CamBattley, shared some thoughts on #cannabis in #Canada:
- victory of #legalization
- need for an amne‚Ä¶"
348,RT @TheGreenDailyy: Well it‚Äôs official #Canada Trudeau announces Oct 17 2018 as the official date of #legalization of #cannabis. #StayCrisp‚Ä¶
349,Expect more of these c/o @jeffsessions as #Canada has legalized recreational use. #decriminalization #legalization‚Ä¶ https://t.co/ANuPQqO5Hd
350,"RT @LRLaverdeHansen: One of my biggest concerns re: the #legalization of #marijuana, or #cannabis products. You‚Äôve heard of Big Tobacco? Ge‚Ä¶"
351,"RT @TheSupremeFIRE: Lots of great ideas being shared today. Here's @john_fowler_jd dropping some knowledge at @ideacity. 

 #qualitymatters‚Ä¶"
352,Thank you @sabrinarmf and @yvrscreenscene for this piece about #BudEmpire! Airing Tuesdays on @HistoryTVCanada 10pm‚Ä¶ https://t.co/cBzJhaWbDg
353,I bet Canada does Pass Pass Puff. #JustAThought #Legalization
354,RT @daviddinenberg: 1000% @RoKhanna This is the year for real #change The time has come &amp; the #American people have spoken. Over 60% are in‚Ä¶
355,Stupid bloody politicians stating about really strong #cannabis... but that IS the point FOR the legalisation! üåø#bbcqt  #legalization
356,RT @qnp: Make sure you hop on the #Cannabus for #CannabisFest sponsored by @AmpleOrganics &amp; @HelloMD_com. Great networking opportunity! So‚Ä¶
357,"RT @CannaBizSocial: Lisa Campbell, @qnp is the Cannabis Portfolio Specialist at Lifford Wine &amp; Spirits, helping Canadian #cannabis companie‚Ä¶"
358,"COO of @Aurora_MMJ, @CamBattley, shared some thoughts on #cannabis in #Canada:
- victory of #legalization
- need fo‚Ä¶ https://t.co/Pw6F3JG6jZ"
359,"RT @MrGrips: Is the legalization of #marijuana more about controlling a substance or who can sell it?
#legalization #canada #canpoli"
360,RT @ChristyandFras: Marijuana will be legal in Canada on October 17th. #legalization #CannabisAct https://t.co/sCmXmcoN6G
361,Way to step up Canada #CannabisCures #legalization
362,"RT @KirkTousaw: I understand and have often commented on the many ways the Cannabis Act is flawed and too restrictive. 

But it still repre‚Ä¶"
363,RT @TheoMoudakis: Here's Friday's #Marijuana cartoon in @TorontoStar #legalization https://t.co/5AraLDToTZ
364,RT @OttawaCannabis: #MakeAmericaGreatAgain #NorthAmerica #SouthAmerica #CentralAmerica #Mexico #Canada #California #Colorado #Oregon #Canad‚Ä¶
365,"RT @headsetio: The Cannabis Act passes in a 52-29 vote in the Senate üëè
https://t.co/cYvAWO3zjQ
Let's give it up to Canada for showing the w‚Ä¶"
366,RT @daviddinenberg: 1000% @RoKhanna This is the year for real #change The time has come &amp; the #American people have spoken. Over 60% are in‚Ä¶
367,"Thought, just because its going to be legal doesn‚Äôt mean you have to use it or that it‚Äôs good for you. Maybe, just‚Ä¶ https://t.co/H4uPw4kCJs"
368,RT @SuburbanFinance: Are there any stable #cannabis careers? Here is what you need to know about the industry and the #jobs available: http‚Ä¶
369,RT @daviddinenberg: 1000% @RoKhanna This is the year for real #change The time has come &amp; the #American people have spoken. Over 60% are in‚Ä¶
370,RT @OttawaCannabis: #MakeAmericaGreatAgain #NorthAmerica #SouthAmerica #CentralAmerica #Mexico #Canada #California #Colorado #Oregon #Canad‚Ä¶
371,RT @TheGreenDailyy: Well it‚Äôs official #Canada Trudeau announces Oct 17 2018 as the official date of #legalization of #cannabis. #StayCrisp‚Ä¶
372,"Let's talk community ...  
#legalization #cannabis https://t.co/3Az5MWloT4"
373,WILL #MARIJUANA BE LEGAL IN THE U.S. ANYTIME SOON? #CANADA LAW REVIVES TALK OF WEED #LEGALIZATION NATIONWIDE https://t.co/9gVaqqzVZU
374,"One of my biggest concerns re: the #legalization of #marijuana, or #cannabis products. You‚Äôve heard of Big Tobacco?‚Ä¶ https://t.co/kgStDH4iOj"
375,#findthecures #makeitlegal #cbdoil #healthyoptions #CANNABIS #ThursdayThoughts #legalization #marijuana #thc #CBD‚Ä¶ https://t.co/cPqTyj4XO4
376,"RT @KirkTousaw: I understand and have often commented on the many ways the Cannabis Act is flawed and too restrictive. 

But it still repre‚Ä¶"
377,RT @TheoMoudakis: Here's Friday's #Marijuana cartoon in @TorontoStar #legalization https://t.co/5AraLDToTZ
378,#MakeAmericaGreatAgain #NorthAmerica #SouthAmerica #CentralAmerica #Mexico #Canada #California #Colorado #Oregon‚Ä¶ https://t.co/LLtGtsvDIF
379,RT @SuburbanFinance: Are there any stable #cannabis careers? Here is what you need to know about the industry and the #jobs available: http‚Ä¶
380,Are there any stable #cannabis careers? Here is what you need to know about the industry and the #jobs available:‚Ä¶ https://t.co/ulmGOtJFVs
381,"RT @FEARCastJ: Rejoice, my fellow Canadians! The time is drawing near! #madeincanada #Canada
#WednesdayWisdom #BoycottUSA #legalization @FY‚Ä¶"
382,"RT @Remploymentlaw: Bill C-45, the govt‚Äôs #marijuana #legalization #bill passed in a historic #Senate #vote (52-29) on June 19, resulting i‚Ä¶"
383,RT @TheGreenDailyy: Well it‚Äôs official #Canada Trudeau announces Oct 17 2018 as the official date of #legalization of #cannabis. #StayCrisp‚Ä¶
384,RT @RxLeafCA: Who else feels the same way? #cannabis #marijuana #mmj #legalization https://t.co/8cE4i5Nmvn
385,RT @CannabisCulture: Canada Becomes Second Nation in the World to Legalize Marijuana #legalization #legal #law #Canada https://t.co/N6ngev5‚Ä¶
386,"RT @Tokerwaredotcom: Voiceover guy that did 'this is your brain on drugs' PSA now wants #legalization

https://t.co/25dcWVXEbS

#tokerware"
387,#Canada #CanadaCannabis #marijuana #cannabiscommunity #herb #legalmarijuana #legalcannabis #Trudeau announces Oct 1‚Ä¶ https://t.co/8bPJZoiKgI
388,"From @ianrausten with @nytimes: Vote paves the way for #pot #legalization in Canada

https://t.co/RVTGUQu6vj"
389,RT @RxLeafCA: Who else feels the same way? #cannabis #marijuana #mmj #legalization https://t.co/8cE4i5Nmvn
390,"RT @GTIGrows: Legal access to #medicalmarijuana helps reduce opioid need, use, addiction and related deaths.

Pass it on.
https://t.co/0ewS‚Ä¶"
391,"RT @IDPCnet: As Canada's bill #C45 on the legal regulation of cannabis heads for royal assent (a formality), worth remembering which other‚Ä¶"
392,Canada becomes second nation in the world to legalize marijuana #legalization #Canada #PromiseKept‚Ä¶ https://t.co/1Jy9gNRfxu
393,RT @BClarahan: Thanks to Trudeau new pot bill all Canada people that don't smoke pot have to suffer through stricter DUI laws and increased‚Ä¶
394,RT @DSouthAfrica: #Dagga #Cannabis #SouthAfrica #legalizeit #CannabisWorks2018 #breakthetaboo #StonerFam #Weed #CannabisCommunity #legaliza‚Ä¶
395,News roundup: Gravitational-Wave Observatory named a historic site ‚Ä¶ Canada prepares for #marijuana #legalization ‚Ä¶‚Ä¶ https://t.co/cH8Eq1tuZs
396,"RT @Kunzitoons: #StonerFam 

Mark your calendar Oct 17, 2018  is Canada‚Äôs official date of #legalization of #Cannabis‚Ä¶‚Ä¶.WooHOOo! 

Wouldn‚Äôt‚Ä¶"
397,"Looking forward to returning to the Metro Toronto Convention Centre for #MjBizConIntl !!

Will you be in attendance‚Ä¶ https://t.co/byNfdiPbq7"
398,Does this mean Canadian geese will be the new weed traffickers into the US? #legalization #canada
399,Thanks to Trudeau new pot bill all Canada people that don't smoke pot have to suffer through stricter DUI laws and‚Ä¶ https://t.co/n6O8Y96Qc4
400,"RT @evergreen_law: There is a green wave across the nation &amp; globe 
#legalization #decriminalize #history #cannabis
https://t.co/392hXJTFIj"
401,"RT @evergreen_law: There is a green wave across the nation &amp; globe 
#legalization #decriminalize #history #cannabis
https://t.co/392hXJTFIj"
402,Are there any stable #cannabis careers? Here's what you need to know about the #mairjuana industry and the #jobs av‚Ä¶ https://t.co/i4hYPhplaX
403,"be proud, Canada! üá®üá¶ #legalization #420 #oct17"
404,"Legal access to #medicalmarijuana helps reduce opioid need, use, addiction and related deaths.

Pass it on.‚Ä¶ https://t.co/YEuDxXHDmZ"
405,At least #FakeNews got something right with #legalization !! Canadians now lots more laws for the price of being al‚Ä¶ https://t.co/7l8dKnIzru
406,@NORMLcanada Official statement on legalization announcement.  Please let us know your thoughts. #cannabis #BillC45‚Ä¶ https://t.co/ZX9VajR6U4
407,Criminal Lawyers Association seems bigoted! They say increased roadside police powers ( not #legalization its monop‚Ä¶ https://t.co/fYWBsP8Icu
408,RT @KCSA_Cannabis: Massachusetts is launching its adult-use #cannabis market on July 1st ‚Äì but zero commercial business licenses have been‚Ä¶
409,#HASHtag get it? HASHtag. #cannabis #marijuana #legalization #hemp #CBD #hashish #shatter #dabs #bonghits #satchel‚Ä¶ https://t.co/3ImRNXF97a
410,"There is a green wave across the nation &amp; globe 
#legalization #decriminalize #history #cannabis
https://t.co/392hXJTFIj"
411,Massachusetts is launching its adult-use #cannabis market on July 1st ‚Äì but zero commercial business licenses have‚Ä¶ https://t.co/mbq6dgwx5i
412,Good to know we have progressive leadership like @JustinTrudeau ... in October cannabis will be legal in the entire‚Ä¶ https://t.co/iVmEVyXH87
413,RT @BClarahan: It's not #legalization it's monopolization for a few large growers. Second it's created like 50 new regulations and 3 new im‚Ä¶
414,"RT @Tokerwaredotcom: Voiceover guy that did 'this is your brain on drugs' PSA now wants #legalization

https://t.co/25dcWVXEbS

#tokerware"
415,"Voiceover guy that did 'this is your brain on drugs' PSA now wants #legalization

https://t.co/25dcWVXEbS

#tokerware"
416,It's not #legalization it's monopolization for a few large growers. Second it's created like 50 new regulations and‚Ä¶ https://t.co/HXpI2tCSvG
417,RT @can2biz: #support #Oklahoma #cannabis #legalization https://t.co/QDAHNwDBsb
418,#support #Oklahoma #cannabis #legalization https://t.co/QDAHNwDBsb
419,"Legalization &amp; Risks: Doctors Reminding Public
 That Health Effects of Cannabis Use Are Real‚Ä¶ https://t.co/KxkAdqZ4qh"
420,"RT @CannaBizSocial: Lisa Campbell, @qnp is the Cannabis Portfolio Specialist at Lifford Wine &amp; Spirits, helping Canadian #cannabis companie‚Ä¶"
421,"RT @TheSupremeFIRE: Lots of great ideas being shared today. Here's @john_fowler_jd dropping some knowledge at @ideacity. 

 #qualitymatters‚Ä¶"
422,"RT @CanBorder: Even though #cannabis will be legal and regulated in Canada in the near
future, you will still not be able to bring it acros‚Ä¶"
423,"RT @CanBorder: Even though #cannabis will be legal and regulated in Canada in the near
future, you will still not be able to bring it acros‚Ä¶"
424,"RT @CanBorder: Even though #cannabis will be legal and regulated in Canada in the near
future, you will still not be able to bring it acros‚Ä¶"
425,Let the countdown to October 17 begin! #Canada #CannabisAct #October17 #cannabis #Legalization #Trudeau‚Ä¶ https://t.co/ew0Dtm4YSL
426,"RT @CanBorder: Even though #cannabis will be legal and regulated in Canada in the near
future, you will still not be able to bring it acros‚Ä¶"
427,"RT @CanBorder: Even though #cannabis will be legal and regulated in Canada in the near
future, you will still not be able to bring it acros‚Ä¶"
428,"RT @CanBorder: Even though #cannabis will be legal and regulated in Canada in the near
future, you will still not be able to bring it acros‚Ä¶"
429,"RT @sociallifenqueb: RT CanBorder: Even though #cannabis will be legal and regulated in Canada in the near
future, you will still not be ab‚Ä¶"
430,"RT @GovCanHealth: .@CDNMinHealth, Minister of @Safety_Canada and Minister of @JusticeCanadaEN are pleased to announce that Bill #C45 has pa‚Ä¶"
431,"RT @CanBorder: Even though #cannabis will be legal and regulated in Canada in the near
future, you will still not be able to bring it acros‚Ä¶"
432,"RT @CanBorder: Even though #cannabis will be legal and regulated in Canada in the near
future, you will still not be able to bring it acros‚Ä¶"
433,"RT @CanBorder: Even though #cannabis will be legal and regulated in Canada in the near
future, you will still not be able to bring it acros‚Ä¶"
434,"RT @CanBorder: Even though #cannabis will be legal and regulated in Canada in the near
future, you will still not be able to bring it acros‚Ä¶"
435,"RT @CanBorder: Even though #cannabis will be legal and regulated in Canada in the near
future, you will still not be able to bring it acros‚Ä¶"
436,"RT @CanBorder: Even though #cannabis will be legal and regulated in Canada in the near
future, you will still not be able to bring it acros‚Ä¶"
437,"RT @CanBorder: Even though #cannabis will be legal and regulated in Canada in the near
future, you will still not be able to bring it acros‚Ä¶"
438,"RT @CanBorder: Even though #cannabis will be legal and regulated in Canada in the near
future, you will still not be able to bring it acros‚Ä¶"
439,"RT @CanBorder: Even though #cannabis will be legal and regulated in Canada in the near
future, you will still not be able to bring it acros‚Ä¶"
440,"RT CanBorder: Even though #cannabis will be legal and regulated in Canada in the near
future, you will still not be‚Ä¶ https://t.co/doxekVJDMX"
441,"RT @CanBorder: Even though #cannabis will be legal and regulated in Canada in the near
future, you will still not be able to bring it acros‚Ä¶"
442,"RT @CanBorder: Even though #cannabis will be legal and regulated in Canada in the near
future, you will still not be able to bring it acros‚Ä¶"
443,"RT @CanBorder: Even though #cannabis will be legal and regulated in Canada in the near
future, you will still not be able to bring it acros‚Ä¶"
444,"RT @CanBorder: Even though #cannabis will be legal and regulated in Canada in the near
future, you will still not be able to bring it acros‚Ä¶"
445,"RT @CanBorder: Even though #cannabis will be legal and regulated in Canada in the near
future, you will still not be able to bring it acros‚Ä¶"
446,"RT @CanBorder: Even though #cannabis will be legal and regulated in Canada in the near
future, you will still not be able to bring it acros‚Ä¶"
447,"RT @CanBorder: Even though #cannabis will be legal and regulated in Canada in the near
future, you will still not be able to bring it acros‚Ä¶"
448,"RT @CanBorder: Even though #cannabis will be legal and regulated in Canada in the near
future, you will still not be able to bring it acros‚Ä¶"
449,"RT @CanBorder: Even though #cannabis will be legal and regulated in Canada in the near
future, you will still not be able to bring it acros‚Ä¶"
450,"RT @CanBorder: Even though #cannabis will be legal and regulated in Canada in the near
future, you will still not be able to bring it acros‚Ä¶"
451,"RT @CanBorder: Even though #cannabis will be legal and regulated in Canada in the near
future, you will still not be able to bring it acros‚Ä¶"
452,"RT @CanBorder: Even though #cannabis will be legal and regulated in Canada in the near
future, you will still not be able to bring it acros‚Ä¶"
453,"RT @CanBorder: Even though #cannabis will be legal and regulated in Canada in the near
future, you will still not be able to bring it acros‚Ä¶"
454,"RT @CanBorder: Even though #cannabis will be legal and regulated in Canada in the near
future, you will still not be able to bring it acros‚Ä¶"
455,"RT @CanBorder: Even though #cannabis will be legal and regulated in Canada in the near
future, you will still not be able to bring it acros‚Ä¶"
456,"RT @CanBorder: Even though #cannabis will be legal and regulated in Canada in the near
future, you will still not be able to bring it acros‚Ä¶"
457,"Even though #cannabis will be legal and regulated in Canada in the near
future, you will still not be able to bring‚Ä¶ https://t.co/Crqp4sselH"
458,"RT @CDNMinHealth: I‚Äôm pleased to announce that Bill #C45 has passed in the Senate, a milestone in the process of legalizing and strictly re‚Ä¶"
459,"Matthew: DON'T take weed with you when leaving the country, even after it's legalized here (and even if you're goin‚Ä¶ https://t.co/DFLMEIJjOs"
460,"#CannabisAct #C45 #CannabisInCanada
ü•∞"
461,"RT @GovCanHealth: .@CDNMinHealth, Minister of @Safety_Canada and Minister of @JusticeCanadaEN are pleased to announce that Bill #C45 has pa‚Ä¶"
462,"RT @GovCanHealth: .@CDNMinHealth, Minister of @Safety_Canada and Minister of @JusticeCanadaEN are pleased to announce that Bill #C45 has pa‚Ä¶"
463,"RT @GovCanHealth: .@CDNMinHealth, Minister of @Safety_Canada and Minister of @JusticeCanadaEN are pleased to announce that Bill #C45 has pa‚Ä¶"
464,"RT @GovCanHealth: .@CDNMinHealth, Minister of @Safety_Canada and Minister of @JusticeCanadaEN are pleased to announce that Bill #C45 has pa‚Ä¶"
465,#cannabisincanada
466,"RT @GovCanHealth: .@CDNMinHealth, Minister of @Safety_Canada and Minister of @JusticeCanadaEN are pleased to announce that Bill #C45 has pa‚Ä¶"
467,"RT @CDNMinHealth: I‚Äôm pleased to announce that Bill #C45 has passed in the Senate, a milestone in the process of legalizing and strictly re‚Ä¶"
468,"RT @CDNMinHealth: I‚Äôm pleased to announce that Bill #C45 has passed in the Senate, a milestone in the process of legalizing and strictly re‚Ä¶"
469,"RT @CDNMinHealth: I‚Äôm pleased to announce that Bill #C45 has passed in the Senate, a milestone in the process of legalizing and strictly re‚Ä¶"
470,"RT @GovCanHealth: .@CDNMinHealth, Minister of @Safety_Canada and Minister of @JusticeCanadaEN are pleased to announce that Bill #C45 has pa‚Ä¶"
471,RT @MCRCI: Looks like @SenateCA has approved #C45! That means the Cannabis Act will proceed as we await the Proclamation Date by the Canadi‚Ä¶
472,"RT @CDNMinHealth: I‚Äôm pleased to announce that Bill #C45 has passed in the Senate, a milestone in the process of legalizing and strictly re‚Ä¶"
473,"RT @GovCanHealth: .@CDNMinHealth, Minister of @Safety_Canada and Minister of @JusticeCanadaEN are pleased to announce that Bill #C45 has pa‚Ä¶"
474,"RT @GovCanHealth: .@CDNMinHealth, Minister of @Safety_Canada and Minister of @JusticeCanadaEN are pleased to announce that Bill #C45 has pa‚Ä¶"
475,"RT GovCanHealth: .CDNMinHealth, Minister of Safety_Canada and Minister of JusticeCanadaEN are pleased to announce t‚Ä¶ https://t.co/PivTb3c4wY"
476,"RT @GovCanHealth: .@CDNMinHealth, Minister of @Safety_Canada and Minister of @JusticeCanadaEN are pleased to announce that Bill #C45 has pa‚Ä¶"
477,"RT @GovCanHealth: .@CDNMinHealth, Minister of @Safety_Canada and Minister of @JusticeCanadaEN are pleased to announce that Bill #C45 has pa‚Ä¶"
478,"RT @GovCanHealth: .@CDNMinHealth, Minister of @Safety_Canada and Minister of @JusticeCanadaEN are pleased to announce that Bill #C45 has pa‚Ä¶"
479,"RT @GovCanHealth: .@CDNMinHealth, Minister of @Safety_Canada and Minister of @JusticeCanadaEN are pleased to announce that Bill #C45 has pa‚Ä¶"
480,"RT @GovCanHealth: .@CDNMinHealth, Minister of @Safety_Canada and Minister of @JusticeCanadaEN are pleased to announce that Bill #C45 has pa‚Ä¶"
481,"RT @GovCanHealth: .@CDNMinHealth, Minister of @Safety_Canada and Minister of @JusticeCanadaEN are pleased to announce that Bill #C45 has pa‚Ä¶"
482,".@CDNMinHealth, Minister of @Safety_Canada and Minister of @JusticeCanadaEN are pleased to announce that Bill #C45‚Ä¶ https://t.co/DyJFVTWEDl"
483,"RT @CDNMinHealth: I‚Äôm pleased to announce that Bill #C45 has passed in the Senate, a milestone in the process of legalizing and strictly re‚Ä¶"
484,"RT @CDNMinHealth: I‚Äôm pleased to announce that Bill #C45 has passed in the Senate, a milestone in the process of legalizing and strictly re‚Ä¶"
485,"I‚Äôm pleased to announce that Bill #C45 has passed in the Senate, a milestone in the process of legalizing and stric‚Ä¶ https://t.co/OkewEr93AP"
486,It's all legit! Canada has passed Bill C-45.  Lets the games begin #cannabisincanada #c45 #cannabis
487,RT @HighCanadaRocks: We are hyped as can be to be running a VERY very great #interview with celebrated @IntlCBC #keynotespeaker @henryrolli‚Ä¶
488,RT @MCRCI: Looks like @SenateCA has approved #C45! That means the Cannabis Act will proceed as we await the Proclamation Date by the Canadi‚Ä¶
489,The Canadian Senate has just approved #C45! That means the #CannabisAct will proceed as we await the Proclamation D‚Ä¶ https://t.co/h5Ghd15kv3
490,RT @MCRCI: Looks like @SenateCA has approved #C45! That means the Cannabis Act will proceed as we await the Proclamation Date by the Canadi‚Ä¶
491,Looks like @SenateCA has approved #C45! That means the Cannabis Act will proceed as we await the Proclamation Date‚Ä¶ https://t.co/vzAh8v6LQe
492,The education of cannabis is the number 1 priority. #C45 #endocannabinoid #terpenoid #cannabisincanada #cannabis‚Ä¶ https://t.co/0mpL1NY5Gg
493,RT @HighCanadaRocks: We are hyped as can be to be running a VERY very great #interview with celebrated @IntlCBC #keynotespeaker @henryrolli‚Ä¶
494,"Cannabis in Canada is a joke 
@BillBlair @StephanieKusie 
@SenateCA @JusticeCanadaEN @SCC_eng @SCC_CSC‚Ä¶ https://t.co/JJKqCRQTkp"
495,We are hyped as can be to be running a VERY very great #interview with celebrated @IntlCBC #keynotespeaker‚Ä¶ https://t.co/HovIdAEFSZ
496,RT @Puglaas: Pleased to see #C45 and #C46 receive Royal Assent. These Bills represent historic law reform built on evidence-based policy fo‚Ä¶
497,"RT @JusticeCanadaEN: Today, Bill #C46 has become law. This is the first change in Canada‚Äôs impaired driving laws in a generation. These cha‚Ä¶"
498,"RT @JusticeCanadaEN: Today, Bill #C46 has become law. This is the first change in Canada‚Äôs impaired driving laws in a generation. These cha‚Ä¶"
499,"RT @WillontheRadio: @jazfor @JusticeCanadaEN #C46 makes anyone, who smoked marijuana within 30 days, a criminal.. for driving.  

THC in yo‚Ä¶"
500,"RT @HoCChamber: .@HoCSpeaker informed the #HoC that Royal Assent was given to Bills #C66, #C74, #C211, #C309, #S210, #C45, #C80, #C24, #S21‚Ä¶"
501,RT @Puglaas: Pleased to see #C45 and #C46 receive Royal Assent. These Bills represent historic law reform built on evidence-based policy fo‚Ä¶
502,"Doug Ford wants consultations on cannabis sales in Ontario 
But..we already paid for that #CannabisTaskforce read t‚Ä¶ https://t.co/2RIvv6fWzI"
503,Will @fordnation realize the start up waste and how integrating the existing industry would create more jobs and cu‚Ä¶ https://t.co/sCYtTYHwZA
504,@Puglaas @HoCChamber @JusticeCanadaEN Thank you MOJAG!  It is truly an honour to work for you!  Such a great spring‚Ä¶ https://t.co/ux4QTkiycm
505,"@MzBlack @adam_greenblatt There are still patients out there who can't access or afford  #MedicalCannabis, and many‚Ä¶ https://t.co/FHgBGvxhLe"
506,"RT @ConversationCA: #Cannabis and #alcohol have different effects on the #brain: Drunk drivers tend to drive faster, whereas high drivers t‚Ä¶"
507,RT @_deepakanand: People present for Royal Assent ceremony of #C45 #C46 @SenateCA @BillBlair @SenJaffer @BardishKW
508,RT @lawyersdailyca: Random breath testing coming to Canada Dec. 18; counsel foresee Charter attacks ‚Äòvery early on‚Äô https://t.co/v1wjSXBoik‚Ä¶
509,"RT @JusticeCanadaEN: Today, Bill #C46 has become law. This is the first change in Canada‚Äôs impaired driving laws in a generation. These cha‚Ä¶"
510,RT @crifici: Unfortunate but predictable. #C46 is bad #cannabis policy made into law and I look forward to working with @KirkTousaw and oth‚Ä¶
511,"RT @ConversationCA: #Cannabis and #alcohol have different effects on the #brain: Drunk drivers tend to drive faster, whereas high drivers t‚Ä¶"
512,"#Cannabis and #alcohol have different effects on the #brain: Drunk drivers tend to drive faster, whereas high drive‚Ä¶ https://t.co/vLw8y0qIoU"
513,RT @SenateCA: Bill #C46 has received Royal Assent : https://t.co/P2EpQuRYFS #SenCA #cdnpoli https://t.co/JRJC63NMWd
514,RT @Puglaas: Pleased to see #C45 and #C46 receive Royal Assent. These Bills represent historic law reform built on evidence-based policy fo‚Ä¶
515,RT @lawyersdailyca: Random breath testing coming to Canada Dec. 18; counsel foresee Charter attacks ‚Äòvery early on‚Äô https://t.co/v1wjSXBoik‚Ä¶
516,RT @lawyersdailyca: Random breath testing coming to Canada Dec. 18; counsel foresee Charter attacks ‚Äòvery early on‚Äô https://t.co/v1wjSXBoik‚Ä¶
517,"RT @JusticeCanadaEN: Today, Bill #C46 has become law. This is the first change in Canada‚Äôs impaired driving laws in a generation. These cha‚Ä¶"
518,"RT @JusticeCanadaEN: Today, Bill #C46 has become law. This is the first change in Canada‚Äôs impaired driving laws in a generation. These cha‚Ä¶"
519,RT @MinJusticeEn: We‚Äôve worked hard to make Canada‚Äôs roads safer for everyone. I‚Äôm happy to announce that #C46 has now become law. The chan‚Ä¶
520,"RT @JusticeCanadaEN: Today, Bill #C46 has become law. This is the first change in Canada‚Äôs impaired driving laws in a generation. These cha‚Ä¶"
521,"under #C46, police do not need to have #reasonablegrounds to suspect impairment.

They will be able to demand a bre‚Ä¶ https://t.co/woTwhBwkiE"
522,RT @MinJusticeEn: We‚Äôve worked hard to make Canada‚Äôs roads safer for everyone. I‚Äôm happy to announce that #C46 has now become law. The chan‚Ä¶
523,RT @AbigailBimman: Random breathalyzer tests to be legal in December even though #C46 got royal assent this AM. Part 1 effective now: creat‚Ä¶
524,RT @Puglaas: So very pleased to see that #C46 has passed the Senate. The new law will strengthen our impaired driving laws to help better p‚Ä¶
525,RT @MinJusticeEn: We‚Äôve worked hard to make Canada‚Äôs roads safer for everyone. I‚Äôm happy to announce that #C46 has now become law. The chan‚Ä¶
526,"@jazfor @JusticeCanadaEN #C46 makes anyone, who smoked marijuana within 30 days, a criminal.. for driving.  

THC i‚Ä¶ https://t.co/5ATleTvWud"
527,"RT @JusticeCanadaEN: Today, Bill #C46 has become law. This is the first change in Canada‚Äôs impaired driving laws in a generation. These cha‚Ä¶"
528,Many people including @maddcanada and individual chapters have been fighting for years to help pass this legislatio‚Ä¶ https://t.co/AwdOOnMp0Q
529,RT @Puglaas: Pleased to see #C45 and #C46 receive Royal Assent. These Bills represent historic law reform built on evidence-based policy fo‚Ä¶
530,RT @MinJusticeEn: We‚Äôve worked hard to make Canada‚Äôs roads safer for everyone. I‚Äôm happy to announce that #C46 has now become law. The chan‚Ä¶
531,Random breath testing coming to Canada Dec. 18; counsel foresee Charter attacks ‚Äòvery early on‚Äô‚Ä¶ https://t.co/Ot57JEojqb
532,"RT @JusticeCanadaEN: Today, Bill #C46 has become law. This is the first change in Canada‚Äôs impaired driving laws in a generation. These cha‚Ä¶"
533,"RT @JusticeCanadaEN: Today, Bill #C46 has become law. This is the first change in Canada‚Äôs impaired driving laws in a generation. These cha‚Ä¶"
534,"@JusticeCanadaEN Supreme court, will be seeing you, very soon. #C46"
535,"RT @JusticeCanadaEN: Today, Bill #C46 has become law. This is the first change in Canada‚Äôs impaired driving laws in a generation. These cha‚Ä¶"
536,"RT @JusticeCanadaEN: Today, Bill #C46 has become law. This is the first change in Canada‚Äôs impaired driving laws in a generation. These cha‚Ä¶"
537,RT @Puglaas: Pleased to see #C45 and #C46 receive Royal Assent. These Bills represent historic law reform built on evidence-based policy fo‚Ä¶
538,Random breathalyzer tests to be legal in December even though #C46 got royal assent this AM. Part 1 effective now:‚Ä¶ https://t.co/PYVNL8R6sY
539,"RT @JusticeCanadaEN: Today, Bill #C46 has become law. This is the first change in Canada‚Äôs impaired driving laws in a generation. These cha‚Ä¶"
540,"RT @JusticeCanadaEN: Today, Bill #C46 has become law. This is the first change in Canada‚Äôs impaired driving laws in a generation. These cha‚Ä¶"
541,"RT @JusticeCanadaEN: Today, Bill #C46 has become law. This is the first change in Canada‚Äôs impaired driving laws in a generation. These cha‚Ä¶"
542,"It's probably wrong and would need a lot of R&amp;D, but this may be a way to measure acute cannabis impairment without‚Ä¶ https://t.co/ZbS2Hc4a5n"
543,"RT @JusticeCanadaEN: Today, Bill #C46 has become law. This is the first change in Canada‚Äôs impaired driving laws in a generation. These cha‚Ä¶"
544,"Today, Bill #C46 has become law. This is the first change in Canada‚Äôs impaired driving laws in a generation. These‚Ä¶ https://t.co/RtmBUGDde6"
545,RT @Puglaas: Pleased to see #C45 and #C46 receive Royal Assent. These Bills represent historic law reform built on evidence-based policy fo‚Ä¶
546,"@KirkTousaw With #C46 , does this mean you can be swabbed at a road stop without any valid reason? Even if you have‚Ä¶ https://t.co/v3hlnrmHoU"
547,RT @DabinDano: @GPTaylorMRD @Puglaas @RalphGoodale @BillBlair @TonyDean_TO Bad laws for all. #C46 will be defeated in court you fool. And #‚Ä¶
548,"Everyone freaking about about #C46 , while I agree it is not well implemented, let me ask you this :

Have you been‚Ä¶ https://t.co/zPj85gwiLi"
549,RT @m1kek9: @mandymcknight I personally prefer to revere and honour scientists and professionals that have contributed to the current colle‚Ä¶
550,RT @Puglaas: So very pleased to see that #C46 has passed the Senate. The new law will strengthen our impaired driving laws to help better p‚Ä¶
551,@GPTaylorMRD @Puglaas @RalphGoodale @BillBlair @TonyDean_TO Bad laws for all. #C46 will be defeated in court you fo‚Ä¶ https://t.co/jkLlarIr5J
552,RT @Puglaas: So very pleased to see that #C46 has passed the Senate. The new law will strengthen our impaired driving laws to help better p‚Ä¶
553,"RT @JusticeCanadaEN: Today, Bill #C46 has become law. This is the first change in Canada‚Äôs impaired driving laws in a generation. These cha‚Ä¶"
554,@mandymcknight I personally prefer to revere and honour scientists and professionals that have contributed to the c‚Ä¶ https://t.co/8W8FrsJkHu
555,@JusticeCanadaEN Such a stupid bill. #C46
556,"RT @JusticeCanadaEN: Today, Bill #C46 has become law. This is the first change in Canada‚Äôs impaired driving laws in a generation. These cha‚Ä¶"
557,RT @CannabisHelpsMe: Here we go.. kiss your drivers license good-bye if you are a #medpot user. Unconstitutional and against our Charter Ri‚Ä¶
558,RT @Puglaas: Pleased to see #C45 and #C46 receive Royal Assent. These Bills represent historic law reform built on evidence-based policy fo‚Ä¶
559,Here we go.. kiss your drivers license good-bye if you are a #medpot user. Unconstitutional and against our Charter‚Ä¶ https://t.co/OPA2wPhIAl
560,RT @Puglaas: Pleased to see #C45 and #C46 receive Royal Assent. These Bills represent historic law reform built on evidence-based policy fo‚Ä¶
561,"RT @JusticeCanadaEN: Today, Bill #C46 has become law. This is the first change in Canada‚Äôs impaired driving laws in a generation. These cha‚Ä¶"
562,RT @Puglaas: Pleased to see #C45 and #C46 receive Royal Assent. These Bills represent historic law reform built on evidence-based policy fo‚Ä¶
563,RT @Puglaas: Ravie de voir #C45/#C46 recevoir la sanction royale. Ils repr√©sentent une r√©forme l√©gislative historique fond√©e sur des preuve‚Ä¶
564,"RT @JusticeCanadaEN: Today, Bill #C46 has become law. This is the first change in Canada‚Äôs impaired driving laws in a generation. These cha‚Ä¶"
565,RT @MinJusticeEn: We‚Äôve worked hard to make Canada‚Äôs roads safer for everyone. I‚Äôm happy to announce that #C46 has now become law. The chan‚Ä¶
566,RT @Puglaas: Pleased to see #C45 and #C46 receive Royal Assent. These Bills represent historic law reform built on evidence-based policy fo‚Ä¶
567,"RT @JusticeCanadaEN: Today, Bill #C46 has become law. This is the first change in Canada‚Äôs impaired driving laws in a generation. These cha‚Ä¶"
568,"RT @JusticeCanadaFR: Aujourd'hui, le projet de loi #C46 est maintenant une loi. C'est le premier changement apport√© aux lois canadiennes su‚Ä¶"
569,"RT @JusticeCanadaEN: Today, Bill #C46 has become law. This is the first change in Canada‚Äôs impaired driving laws in a generation. These cha‚Ä¶"
570,"RT @JusticeCanadaEN: Today, Bill #C46 has become law. This is the first change in Canada‚Äôs impaired driving laws in a generation. These cha‚Ä¶"
571,"RT @JusticeCanadaEN: Today, Bill #C46 has become law. This is the first change in Canada‚Äôs impaired driving laws in a generation. These cha‚Ä¶"
572,"RT @JusticeCanadaEN: Today, Bill #C46 has become law. This is the first change in Canada‚Äôs impaired driving laws in a generation. These cha‚Ä¶"
573,"RT @JusticeCanadaEN: Today, Bill #C46 has become law. This is the first change in Canada‚Äôs impaired driving laws in a generation. These cha‚Ä¶"
574,"RT JusticeCanadaEN: Today, Bill #C46 has become law. This is the first change in Canada‚Äôs impaired driving laws in‚Ä¶ https://t.co/TJ62BeM9kD"
575,"RT @JusticeCanadaFR: Aujourd'hui, le projet de loi #C46 est maintenant une loi. C'est le premier changement apport√© aux lois canadiennes su‚Ä¶"
576,"RT @JusticeCanadaEN: Today, Bill #C46 has become law. This is the first change in Canada‚Äôs impaired driving laws in a generation. These cha‚Ä¶"
577,"RT @JusticeCanadaEN: Today, Bill #C46 has become law. This is the first change in Canada‚Äôs impaired driving laws in a generation. These cha‚Ä¶"
578,"RT @JusticeCanadaEN: Today, Bill #C46 has become law. This is the first change in Canada‚Äôs impaired driving laws in a generation. These cha‚Ä¶"
579,RT @MinJusticeEn: We‚Äôve worked hard to make Canada‚Äôs roads safer for everyone. I‚Äôm happy to announce that #C46 has now become law. The chan‚Ä¶
580,"RT @JusticeCanadaEN: Today, Bill #C46 has become law. This is the first change in Canada‚Äôs impaired driving laws in a generation. These cha‚Ä¶"
581,RT @crifici: Unfortunate but predictable. #C46 is bad #cannabis policy made into law and I look forward to working with @KirkTousaw and oth‚Ä¶
582,Nous avons travaill√© fort pour rendre les routes du Canada plus s√ªres pour tout le monde. Je suis heureuse d'annonc‚Ä¶ https://t.co/Pv2Vb17LvC
583,"RT @JusticeCanadaFR: Aujourd'hui, le projet de loi #C46 est maintenant une loi. C'est le premier changement apport√© aux lois canadiennes su‚Ä¶"
584,We‚Äôve worked hard to make Canada‚Äôs roads safer for everyone. I‚Äôm happy to announce that #C46 has now become law. Th‚Ä¶ https://t.co/BGhrzcxb0D
585,"RT @JusticeCanadaEN: Today, Bill #C46 has become law. This is the first change in Canada‚Äôs impaired driving laws in a generation. These cha‚Ä¶"
586,"Today, Bill #C46 has become law. This is the first change in Canada‚Äôs impaired driving laws in a generation. These‚Ä¶ https://t.co/JiR2BLQLHR"
587,RT @Puglaas: Pleased to see #C45 and #C46 receive Royal Assent. These Bills represent historic law reform built on evidence-based policy fo‚Ä¶
588,RT @Puglaas: Pleased to see #C45 and #C46 receive Royal Assent. These Bills represent historic law reform built on evidence-based policy fo‚Ä¶
589,RT @crifici: Unfortunate but predictable. #C46 is bad #cannabis policy made into law and I look forward to working with @KirkTousaw and oth‚Ä¶
590,"Aujourd'hui, le projet de loi #C46 est maintenant une loi. C'est le premier changement apport√© aux lois canadiennes‚Ä¶ https://t.co/WPiJI7iXjh"
591,RT @RicksDesk: Governor General @GGJuliePayette has given Royal Assent on behalf of Her Majesty Queen Elizabeth II to Bills #C45 #C46 the #‚Ä¶
592,"RT @HoCChamber: .@HoCSpeaker informed the #HoC that Royal Assent was given to Bills #C66, #C74, #C211, #C309, #S210, #C45, #C80, #C24, #S21‚Ä¶"
593,"RT @HoCChamber: .@HoCSpeaker informed the #HoC that Royal Assent was given to Bills #C66, #C74, #C211, #C309, #S210, #C45, #C80, #C24, #S21‚Ä¶"
594,RT @Puglaas: Pleased to see #C45 and #C46 receive Royal Assent. These Bills represent historic law reform built on evidence-based policy fo‚Ä¶
595,"Promise kept. Legislation built on evidence based decision making, to repeal a prohibitive regime that has not prov‚Ä¶ https://t.co/QN2Hdq7R4C"
